text,label
Interest rate is 12.5% APR clearly stated in your agreement,none
The total cost of the loan is $5000 including all fees,none
You can cancel by sending an email to our support team,none
No prepayment penalty applies to this loan,none
Fees as applicable may be charged to your account without notice,fee_obfuscation
Various fees and charges may apply based on your usage,fee_obfuscation
Additional costs as determined by our team will be added,fee_obfuscation
Service charges are variable and subject to change,fee_obfuscation
Act now limited time offer expires today,false_urgency
Only 3 spots remaining don't miss out,false_urgency
This exclusive deal expires in 2 hours,false_urgency
Today only special pricing available,false_urgency
To cancel you must send written notice to head office,hard_cancellation
Cancellation requires certified mail to our corporate address,hard_cancellation
Submit termination requests in writing to our headquarters,hard_cancellation
Written cancellation letter must be received 30 days in advance,hard_cancellation
Our competitive rates starting from low rates apply,none
Interest rate may vary based on your credit profile,misleading_rate
Rates as low as 5% are available for qualified customers,misleading_rate
Enjoy 0% interest but fees may apply,misleading_rate
No interest charged but service fees of 15% apply,misleading_rate
Automatic renewal will occur unless you cancel in writing,hard_cancellation
Your subscription auto-renews and payment is charged automatically,hard_cancellation
Opt out by sending written notice 14 days before renewal,hard_cancellation
Limited enrollment only 5 accounts left,false_urgency
Special pricing available for first 100 customers only,false_urgency
One-time offer expires at midnight tonight,false_urgency
Processing fees and handling charges as applicable,fee_obfuscation
Administrative costs may be added to your balance,fee_obfuscation
Convenience fees subject to change without notice,fee_obfuscation
APR of 15.9% is clearly disclosed in your contract,none
Total repayment amount is $6500 over 24 months,none
All fees are listed clearly in your agreement,none
You may cancel via phone email or online portal,none
Cancel anytime through our mobile app or website,none
Interest rate varies based on market conditions,misleading_rate
Rates from 3% to 25% depending on your credit score,misleading_rate
Get started today rates change frequently,misleading_rate
